name,age,job role
Diana Branch,39,old
Anthony Evans,45,student
Beverly Aguirre,46,available
Keith Park,53,kitchen
Scott Garcia,42,no
Virginia Ware,39,character
Kathleen Johnson,28,store
Debbie Horton MD,59,difficult
Angela Wiley,48,special
David Klein,28,name
John Holland,52,citizen
Anne Johnson,22,firm
Jennifer Holden,55,often
Courtney Hull,59,anyone
Morgan Glover,58,foreign
Maria Jackson,59,kid
Mr. Michael Richards PhD,53,himself
Brianna Calderon,51,interest
Clinton Wilson,27,score
Kayla Glass,58,community
Kevin Marshall,48,million
Chelsey Chavez,27,since
Dylan Pittman,52,huge
Mitchell Alvarado,54,blood
Devon Brown,25,seven
Hannah Carr,20,blood
Scott Ponce,39,medical
Heather Burns,49,page
Chad Robinson,53,party
Joel Adams,32,response
Steven Clements,53,option
Kim Hunt,59,garden
Evan Jackson,58,her
Mary Cisneros,39,large
Sara Newman,20,pressure
David Swanson,45,return
Mary Foley,39,second
Michael Ballard,21,alone
Anthony Ray,38,record
Jackie Andrews DDS,21,trip
Jennifer Jackson,46,put
Christine Fisher,57,have
Abigail Simon,50,cut
Joseph Taylor,48,visit
Jorge Frye,58,likely
John Obrien,58,question
Megan Diaz,30,wish
Kimberly Nelson,32,Congress
Sheila Oconnell,28,speak
Kenneth Walker,59,several
Traci Cruz,27,hour
Ronald Allen,30,miss
Alison Edwards MD,42,up
Michael Roberts Jr.,28,game
Jillian Morales,56,reflect
Tanya Schaefer,21,see
Tammy Dickerson,22,half
Mary Berry,44,difficult
Tracey Jackson,27,rise
Dylan Wise,31,animal
Mason Hubbard,32,statement
Mary Mckinney MD,57,painting
Brian Quinn,58,generation
Andrew Hooper,40,recognize
Lonnie Fuller,42,argue
Angela Burgess,50,help
Tiffany Jones,26,explain
Adam Green,26,number
Melissa Richardson,38,later
David Reynolds,52,smile
Kathleen Beck,38,job
Gregory Jackson,54,stop
Roger Moreno,28,artist
Mrs. Amy Rosales,31,increase
Kaitlyn Campbell,56,she
Eric Reed,54,father
Anthony Reyes,20,Republican
Eric Briggs,47,benefit
Thomas Townsend,48,institution
Danielle Evans,36,bring
Melissa Ford,32,table
Scott Mendoza,23,surface
Amy Frey,53,point
Cynthia Gilbert,35,always
Terri Lawson,45,as
Allison Blevins,29,seven
David Barrera,29,go
Jessica Clay,51,such
Lauren Brown DDS,39,he
Dawn Reed,34,state
Stacey Suarez,31,I
Lori Yates,32,would
Adam Fuentes,48,common
Brooke Lynn,34,over
Christina Allen,34,bad
Chase Walker,41,data
William Roberts,24,artist
Mark Riddle,52,old
James Hayes,34,discussion
Ashley George,46,compare
