name,age,department
Andrew Vang,54,Finance
Maureen Coleman,32,IT
Sabrina Walsh,45,Sales
Michelle Jensen,30,HR
David Moore,50,Marketing
Amy Moore,36,need
Rachael Ramirez,45,democratic
Richard Taylor,50,exist
Alex Potts,53,interest
Renee Moore,51,area
Rachel Carpenter,28,factor
Louis Peck,24,record
Christopher Powell,36,kitchen
Micheal Brown,30,claim
Kyle Shaw,34,chair
Allison Schaefer,37,grow
Kim Moore,20,wrong
Thomas Jackson,34,really
Cindy Wong,22,ten
Mitchell Murphy,37,avoid
Lisa Goodwin,46,huge
Donald Myers,21,reality
Thomas Henson,51,those
Amy Booker,52,wind
Craig Moran,27,follow
Anthony Miller,46,issue
Samantha Garcia,47,wait
Jaclyn Clark,38,yourself
Molly Gill,29,wife
Paul Clark,33,wide
Tracey Miles,41,away
Rita Patterson,59,partner
Sarah Allen,28,of
Daniel Mason,60,could
Jeremiah Warren,47,upon
Danielle Cooper,37,energy
Courtney Lambert,44,but
Jimmy Garcia,54,movie
Rhonda Hudson,47,story
Kyle Mcclure,26,military
Kelly Lucas,34,shoulder
Pamela Skinner,47,garden
Bryan Cortez,51,pattern
Mark Bartlett,27,arrive
Ms. Veronica Floyd DVM,45,money
Mrs. Michelle Lopez DDS,23,product
Dawn Valencia,42,character
Stephen Singh,58,fast
James Rodriguez,56,avoid
Michael Cook,57,professional
Cody Schmidt,34,why
Jennifer Barker,33,dinner
Jasmine Turner,52,truth
Michael Mcintosh,36,debate
Jonathan Humphrey,26,weight
April Evans,55,nearly
Allen Brown,35,begin
Joseph Matthews,52,trouble
Kristen Ferguson,44,raise
Sharon Cross,52,air
Steve Ryan,42,week
Amy Murray,58,gas
William Morrison,51,range
Dennis Ruiz,50,police
Jennifer Spears,21,party
Michelle Robbins,42,sign
Phillip Adams,57,media
Dr. Mary Liu,59,no
Holly Owen,21,though
Michele Wright PhD,41,gas
Randall Bishop,50,international
Megan Cordova,59,stock
Zachary Johnson,45,dream
Ryan Mccormick,33,majority
Dr. John Martin,59,young
Vanessa Walls,31,edge
Chelsea Ayala,35,each
Ryan Robinson,40,important
Alexander Gardner,58,out
Daniel Carey,55,century
Shane Walter,45,manage
Hannah Harper,54,choice
Daniel Reid,26,some
Angela Russell,27,yes
Joseph Carter,34,its
Ryan Harrington,34,thus
Cynthia Mejia,20,feeling
Jonathan Joyce,50,lot
Janice Rodgers,50,prove
Michael Moore,33,treat
Jacqueline Pham,44,help
Tyler Johnson,35,play
Trevor Jones,21,myself
Susan Wilcox,36,be
Samuel Singleton,52,play
Briana Gonzales,26,even
Thomas Woodard,45,ok
Joseph Robinson,22,still
Stanley Cunningham,28,you
Taylor Blake,24,material
