Name,Age,Department
Daniel Hooper,24,Finance
Ruth Andrade,26,Sales
Anthony Hendricks,55,IT
Christopher Ross,36,HR
Steven Perry,34,Marketing
Elizabeth Benson,35,source
Christopher Adams,55,themselves
Lindsay Archer,39,reach
Donald Scott,31,term
Jessica Rowland,42,us
Michael Anthony,36,soon
Selena Oneill,42,pattern
Tamara Gordon,25,skin
Lindsay Bailey,21,with
Michael Sanchez,43,away
Dean Mendez,35,together
Amy Wilson,42,low
Kathleen Kaiser,59,leave
Isaac Barrett,35,sport
Barbara Carpenter,27,pick
Eric Pierce,36,where
Alisha Cochran,38,trip
Holly Owens,21,work
Dorothy Morrow,58,make
Margaret Rodriguez,34,fly
Jennifer Ramirez,43,grow
Ryan Manning,44,term
Linda Elliott,22,her
Sean Mcbride,50,natural
Cody Wright,41,agree
Jennifer Elliott,29,report
Shawn Coffey,44,this
Craig Shaw,32,nice
Teresa Powers,53,approach
Sharon Dean,51,relate
Jade Norris,21,situation
Edgar Fry,22,against
Laura Clayton,40,control
Brian Yang,52,still
Andrew Edwards,31,important
David Ware,24,true
Scott Decker,29,speak
Andrew Scott MD,48,people
Adrian Mitchell,54,guy
Samantha Davis,33,stay
Jesse Murray,51,mother
Dana Stone,29,detail
Jessica Phillips,49,interesting
Carla Sharp,55,foot
Paul Rangel,23,least
Christopher Scott,47,usually
Timothy Garza,52,lead
Karen Pearson,60,grow
Morgan Wilson,20,product
Robert Klein,56,again
Brenda Marquez,51,now
Jessica Thompson,32,form
Courtney Sampson,20,listen
Lori Curtis,49,sometimes
Logan Zavala,35,let
Eric Bryant,29,player
Sabrina Powell,51,event
Lisa Frye,39,hotel
Stephanie Goodwin,21,level
Catherine Mcdonald,47,until
Blake Khan,34,garden
Chelsea Holder,40,entire
Roger Curry,23,radio
Bryan Thompson,52,direction
Shawn Pena,31,article
Elizabeth Woods,48,range
Wendy Estes,31,hope
Michelle Mills,22,friend
Bobby Vargas,51,resource
Jimmy Smith,33,cover
Steven Montoya,29,meeting
Justin Trujillo,58,this
Cody Riley,29,why
William Jones,42,need
Michael Bond,49,onto
Sarah Silva,52,role
Nancy Gonzalez,55,although
John Williams,32,cell
James Martin DVM,27,president
Brittany Dunn,48,resource
Wesley Mcmillan,56,experience
Jonathan Gamble,20,deep
Matthew Martin,56,say
Joshua Jones,51,for
Kenneth Lewis,21,us
Daniel Zavala,29,view
Sherry Robinson,32,paper
Dustin Navarro,20,detail
Hannah Ramirez,40,art
Joshua Garner,36,now
Allison Marshall,51,significant
Phillip Cooper,42,value
Mary Chen,53,throughout
Kelly Bush,52,sea
Andrea Lopez,35,sense
Danielle Johnson,58,protect
Nicholas Rodriguez,51,never
Felicia Olsen,48,close
Crystal Burton,26,husband
Veronica Green,47,center
Daniel Lopez,39,other
Susan Stewart,20,start
Dana Wright,50,area
Megan Marshall,53,color
Dustin Anderson,48,range
Jennifer Carlson,23,perform
John Silva,40,weight
Alexander Cannon,39,eat
George Bowers,60,begin
Kaylee Marquez,20,stage
Brian Lee,37,today
Brandon Clark,45,poor
Angela Phelps,55,imagine
Tim Alexander,46,scientist
Brian Perez,56,crime
Anthony Santos,46,blue
Maureen Hamilton,60,drop
David Roberts,53,check
Stephen Hahn,23,yard
Brittany Acosta,24,western
Elizabeth Brown,30,happy
Benjamin Smith,48,claim
Hunter Walker,53,fact
Christopher Myers,53,Congress
Susan Lyons,26,such
Robert Pineda,52,already
Kevin Morales,39,become
Ryan Garcia,45,travel
Samantha Scott DDS,39,campaign
Gregory Ramirez,38,certain
Kimberly Scott,51,live
Kyle Dougherty,47,simple
Mrs. Cheryl Perez DDS,46,something
Michael Williams,31,toward
Nicole Fisher,55,present
Linda Lee,45,personal
Christopher Rhodes,30,particular
Russell Rodriguez,43,call
Mr. Roger Walker Jr.,35,peace
Rodney Robinson MD,59,less
Melissa Taylor,28,add
Michael Newton,32,voice
Antonio Johnson,36,I
Amy Hendrix,36,eat
Taylor Quinn,33,painting
Terry Carlson,21,member
Joseph Massey,41,history
Courtney Lee,53,response
Leah Henderson,36,laugh
Shirley Watkins,43,guess
Samuel Diaz,60,dark
Linda Moore,48,ever
Nicole Fleming,29,foreign
Vanessa Wilkinson,34,personal
Elizabeth Aguilar,58,dog
Nicole Powell,41,policy
Tracy Phillips,46,never
Matthew White,38,house
Robert White,30,commercial
Sheila Hughes,35,moment
Michael Irwin,26,hard
Carrie Romero,22,them
Zachary Moreno,34,determine
James Mcmillan,30,action
Jill Greene,29,six
Kelly Hood,49,claim
Paul Mathews,34,card
Melissa Guerrero,54,bad
Michelle Anderson,28,job
William Weber DDS,52,security
Laurie Reynolds,51,hot
Rebecca Graham,29,consumer
Alison Wilson,44,respond
Alicia Mccormick,55,later
Daniel Rivera,52,produce
Samantha Saunders,39,hear
Anita Adams,22,maybe
Glenda Turner,57,TV
Cassandra Myers,26,sport
Melissa Wilcox,44,themselves
Cheryl Browning,53,between
Danielle Booth,23,technology
Virginia Clark,35,high
Dr. Danielle Evans,55,will
James Jenkins,20,style
Jennifer Perry,52,left
Jason Alexander,34,who
Matthew Cannon,39,during
David Williams,47,teacher
Michael Foley,35,discuss
Jake Johnston,34,special
Douglas Mcclure,56,machine
Sonya Cantrell,59,finish
Taylor Schroeder,28,raise
Jessica Jackson,44,image
William Ellis,33,artist
Robert Robinson,25,approach
David Knight,43,list
Julian Compton,45,success
Travis Nelson,48,hospital
Charles Lynch,57,record
Mary Johnson,56,stuff
Raymond Chandler,21,money
Cory Hayes,33,one
David Greene,52,surface
Mitchell Rose DDS,35,city
Martha Collins,56,community
Justin Smith,48,per
Luke Hunter,48,just
Lisa Colon,52,investment
Diana Miller,52,like
Matthew Shaffer,52,remain
Mary Norton,36,place
Natasha Strickland,48,start
Lauren Ryan,31,mean
Anna Cowan,37,activity
Scott Nelson,48,economic
Brian Schneider,45,others
Desiree Ramirez,41,role
Jeffrey Jones,45,account
Lorraine Harris,54,have
Tammy Mayer,31,local
Mary Rodriguez,39,first
Rebekah Gardner,40,continue
Elizabeth Ross,49,bad
Michael Carter,31,speak
Mary Lopez,49,Democrat
Steven Sawyer,38,finally
Michelle Liu,48,dog
Jacqueline Rodriguez,20,hand
Chase Peterson,45,service
Rebecca Mathews,53,travel
Tyler Hall,30,manager
Michael Christensen,56,many
William White,28,difference
Jacob Cole,36,newspaper
Andrew Vasquez,29,institution
Dana Wade,26,establish
Michelle Schwartz,37,party
Eileen Hoffman,56,money
Nicole Smith,30,value
John James,28,middle
Jose Thomas,57,low
Timothy Duran,23,then
Daniel Wolfe,55,tell
William Morris,29,several
Thomas Powers,46,care
Mark Shaffer,34,notice
Wyatt Alexander,32,government
Daniel Atkins,49,why
Raymond Obrien,28,number
Theodore Kelly,41,employee
Benjamin Brown,54,out
Matthew Payne,21,affect
Dawn Bennett,23,best
Heather Scott,42,leave
Alejandro Knight,41,ability
Nicole Gonzales,44,recent
Ashley Gould,30,apply
Isaac Friedman,47,how
Lisa Scott,53,situation
Kelly Dillon,22,ahead
Jeffery Williams,20,if
Eddie Casey,52,Mrs
Michael Hayes,29,serve
Jennifer Carpenter,50,question
Daniel Ochoa,55,senior
Elizabeth Williams,44,join
Theresa Ewing,57,prepare
Samantha Miller,40,relate
Sarah Shelton,56,possible
Ian Phillips,55,since
Ms. Christine Gilbert,34,mean
Deborah Baker,46,forget
Nicole Sexton,21,body
Courtney Dickerson,20,compare
Shannon Jones,28,subject
Karen Leonard,52,meeting
John Grant,52,nice
Cody Gibbs,30,watch
Matthew Roberts,44,economy
Glenn Brown,37,network
John Wilson,23,set
Sandra Murphy,32,decision
Kelly Williams,23,especially
Justin Young,24,tend
Kenneth Logan,21,those
Christina Walsh,26,window
Brandon Yang,37,personal
Jasmine Houston,31,why
Brittany Bryant,29,least
Corey Smith,24,with
Laura Daugherty,47,seek
Candice Young,36,her
Matthew Downs,51,show
Shawn Reeves,36,fire
Kenneth Richardson,30,look
Maria Miller,56,example
Cindy Johnson,33,scene
Karen Crosby,34,order
Henry Frederick,35,Democrat
Keith Robertson,28,ten
Jessica Herring,56,kid
Stephanie Hanna,37,human
Beth Hunter,23,girl
Kimberly Casey,53,or
Paul Robinson,23,statement
Ryan Fisher,44,every
Rachel Salinas,27,pick
Tina Gibson,58,near
Kyle Myers,32,radio
Jennifer Park,56,country
Richard Williams,54,follow
Stephen Jones,57,us
Sean Harding,52,through
Sophia Oconnor,20,protect
Briana Monroe,54,almost
John Brock,25,go
Scott Clark,44,analysis
Marissa Rogers,35,feeling
Jeffrey Daniels,23,today
Kelly Archer,35,major
Rachel Hill,44,prevent
Douglas Kemp,52,now
Brent Wood,44,national
Danielle Craig,23,artist
James Gibson,58,wife
Chad Yoder,33,rest
Wayne Fuller,59,kind
Ashley Smith,56,sort
Scott Snyder,25,live
Jennifer Mueller,25,skin
Anthony Simpson,34,she
Mrs. Amy Johnson,58,record
Ralph Robbins,58,theory
Theresa Brown,55,expert
Kenneth Prince,55,memory
Laura Jones,25,part
Mary Jackson,24,discover
Tiffany Glover,29,focus
Kayla Price,32,event
Kelly Mcpherson,33,than
Brandy Chapman,40,everything
Laura Cooper,36,tax
Lawrence Jones,41,guy
James Gardner,53,some
James Holmes,34,president
Sarah White,31,fish
Dean Clark,34,any
Kirsten Gonzales,26,money
Rachel Sims,20,second
Brandi Williams,43,poor
Steven Berry,26,plan
Benjamin Wolfe,58,military
Deanna Marks,52,conference
Kimberly Washington,31,laugh
Erica Mcguire,26,power
Larry Gonzalez,32,share
Nicholas Delgado,27,its
Richard Martin,33,agree
Rachel Walter,29,west
Heather Rangel,31,explain
Deborah Wright,46,go
Richard Smith,21,above
Jason Ruiz,58,best
James Sanchez,52,speech
Amy Hardin,24,option
Kathy Moreno,30,state
Angela Rodriguez,38,artist
John Krause,53,professor
Larry Johnson,56,citizen
Christopher Fleming,32,business
Diana Yates,49,certainly
Tina Martin,27,piece
Thomas Marquez,54,night
Brett Cabrera,58,majority
Frank Blair,50,expect
Douglas Berry,55,important
Amber Parker,57,clearly
Ronald Jimenez PhD,47,social
Matthew Valdez,53,ready
Tiffany Thomas,35,last
Megan Phelps,53,difficult
Monique Downs,37,house
Russell Henderson,43,source
Brenda Griffin,44,doctor
Tara Edwards,43,commercial
Derek Fernandez,50,old
Sharon Barnes,60,star
Chad Little,40,agree
Brian Allen,31,low
Angela Cabrera,26,compare
Erin Murray,42,like
Shelby Hall,36,card
Darrell Martin,58,approach
Melanie Nguyen,27,that
Amanda Jones,44,apply
Jillian Stokes,42,building
Deborah Thompson,37,book
Stephanie Martin,44,for
Crystal Hernandez,26,brother
Stephanie Villarreal,44,scientist
Elizabeth Contreras,34,run
Stephen Crawford,52,president
John Powell,31,about
Christopher Harper,47,seat
Roy Mason,25,anything
Kevin Morris,60,think
Pamela Wood,51,push
Erin Garcia,36,employee
Eric Flores,51,learn
Robert Whitney,29,itself
Aaron Gaines,40,song
Crystal Vasquez,35,teach
Michael Adams,49,present
James Jones,28,of
Mary Torres,25,food
Michael Snow,50,side
Valerie Solomon,30,cell
Joseph Burton,21,society
Madison Gomez,27,language
Mary Coleman,49,head
Joshua Ball,26,meet
David Morris,37,rate
Alexander Barajas,28,or
Timothy Tanner,55,message
John Martinez,35,attorney
Christopher Butler,59,no
Daniel Spence,33,training
Trevor Larson,23,particularly
Rachel Beck,26,radio
Brenda Shepherd,43,audience
Amanda Johnson,23,officer
Regina Chase,52,kitchen
Larry Miller,23,down
Brenda Vang,32,fire
Crystal James,36,food
Daniel Gamble,23,claim
Amy Hall,35,use
Joseph Scott,50,establish
Diana Clark,49,seek
Lauren Barker,36,figure
Ryan Cruz,52,thing
Jonathan Rios,28,technology
Lisa Moss,32,so
Michelle Dillon,30,identify
Tiffany Allen DDS,45,inside
Stephanie Meyer,46,set
David Best,26,car
Richard Owens,46,could
Dustin Lee,53,not
Jennifer Martin,25,alone
Terry Allen,47,yard
Matthew Cooper,29,evening
Kristin Hamilton,38,sister
Peggy Davis,34,respond
Michael Scott,54,fly
Casey Pena,57,against
Brandy Maddox,54,young
Gabriel Kennedy,25,do
Suzanne Mercer,33,sure
Isaac Wright,51,vote
Katherine Henderson,35,audience
Christina Sexton,46,house
Elizabeth Mitchell,30,song
Jeanne Baker,45,manage
Deanna Graham,48,who
Renee Sutton,51,election
Stephen Hopkins,34,ok
Robert Alexander,55,scientist
Jeffery Conway,50,again
Daniel Smith,34,whose
Tracey Lucas,36,trade
Anthony Herring,59,add
David Le,57,drop
Brandy Bryant,31,player
Cassandra Massey,44,need
Andrew Espinoza,51,front
Holly Cooper,37,themselves
Darlene Berg,52,Democrat
Michael Medina,42,score
Kevin Mclaughlin,22,prepare
Mr. Stephen Pruitt,41,clear
Francisco Brooks,32,administration
Gabriela Morgan,21,country
Steven Pearson,34,develop
Nicholas Gonzales,38,discover
Nicholas Walton,24,and
Richard Brown,39,him
Ashley Roberts,31,painting
Wendy Gallagher,40,develop
Roy Brown,22,story
Kimberly Snyder,30,address
Michael Atkinson,26,sea
Madison Ayala,37,source
Sydney Mclean,28,establish
Kevin Berry,49,single
Nancy Reyes,34,only
Stephen Davidson,58,investment
Rhonda Novak,40,fish
Amy Wall,22,protect
Suzanne Ramirez,43,address
Samuel Lopez,41,although
Stephanie Young,24,responsibility
Amber Baker,20,individual
Charles Branch,24,third
Jillian Kane,60,everything
Christina Gutierrez,28,similar
Michael Reyes,46,perhaps
Glenda Mack,50,television
Christine Padilla,45,page
Lucas Spencer,37,fine
Nicole Lambert,20,behind
Natasha Johnson,22,throw
Andrew Young,49,man
Jeffery Watson,45,set
Shelby Brown,36,effort
Edgar Parker,43,music
Jeremy Smith,41,with
Amanda Thompson,32,provide
Christopher Adams,46,fact
Michele Andrade,21,matter
Robert Ramirez,43,movement
Carol Mosley,36,play
Angela Allen,22,believe
Erin Fischer MD,30,his
Mr. Stephen Garza DDS,32,hand
Lisa West,54,thought
Aaron Stafford,44,more
Tanya Meyer,24,though
Wesley Mcneil,36,return
Erin Wong,45,name
Rebecca Wright,38,whom
William King,37,seven
Wesley Rose,34,like
Jerry Coleman,30,audience
Dennis Gardner,53,your
Abigail Marsh,48,choose
Kelly Conner,21,security
Joseph Martin,38,author
Brian Lynn,21,step
Jennifer Ross,40,recent
Anthony Arias,27,expect
Brian Williams,22,mean
Tony Fitzpatrick,37,attorney
Christopher Williams,34,meet
Kevin Hess,35,thousand
Brianna Leon,55,could
Catherine Estrada,36,change
Megan Williamson,28,hundred
Terri Hopkins,33,place
David Dawson,46,small
Holly Bell,44,opportunity
Megan Lawrence,20,free
Tammy Crane,59,something
Gregory Larson,55,lot
Tiffany Graham,23,with
Dylan Miller,21,bring
Diana Phillips,28,military
Adam Martinez,40,field
Kelly Smith,53,suffer
William Brown,46,cup
Jason Clark,60,increase
Ian Lamb,48,change
Eric Morgan,58,forward
Michael Schultz,28,focus
David Kelly,43,north
Ian Adams,41,short
Courtney Hudson,60,whose
Michelle Mayer,27,short
Sharon Gonzales,24,reflect
Logan Martinez,33,might
Ebony Russell,36,stop
Catherine Underwood,57,include
Kristin Coleman,26,like
Timothy Berger,34,today
Lindsay Wang,43,choose
Jessica Sanders,54,cup
Joshua Gaines,24,item
Kim Knight,35,type
Theresa Baldwin,44,against
Blake Everett,40,instead
Abigail Lyons,55,heavy
John Navarro,31,heavy
Harry Reese,35,wrong
Peggy Martin DDS,49,night
Joseph Fernandez,33,word
Angela Walker,59,computer
William Hamilton,33,for
Crystal Espinoza,57,learn
Sharon Williams,52,actually
Lee Yates,30,quite
Janice Salas,54,various
Donna Conrad,57,fast
Chase Chen,29,large
Roberta Arnold MD,21,according
Casey Lopez,50,kind
Richard Villanueva,60,than
Rachel Hogan,49,maintain
James Murphy,56,drop
Clifford Huff,54,my
Belinda Jensen,49,history
Eric Scott,45,cultural
Jose Gomez,43,here
Anthony Smith,25,service
Charles Oliver,51,late
Paula Clark,29,write
Thomas Smith,46,last
Holly Lopez,32,event
Leah Griffin,25,hotel
Peter Reeves,27,Congress
Jason Coleman,24,right
Diana Ortiz,20,candidate
Megan Avila,26,great
Kristen Myers,42,sign
Lisa Hernandez,31,drive
Jasmine Phillips,34,yet
Aaron Brown,39,member
Janet Rowe,54,each
Megan Walters,55,section
Nicole Lewis,46,record
Kathy Thomas,42,them
Ariel Robinson,53,ready
Jennifer Garner,42,to
Lori Carroll,33,manager
James Cross,50,walk
Richard White,29,send
Benjamin Wade,40,hold
Adriana Cantrell,60,choice
David Tran,47,amount
Steve Reynolds,47,crime
Mark Bailey,49,remain
Keith Jones,24,government
Bryan Buck,27,range
Jean Moore,56,campaign
Natalie Kramer,42,daughter
Benjamin Mitchell,44,crime
Dustin Brown,54,dream
John Holland,31,leader
Adriana Chandler,58,bank
Bobby Smith,27,agent
Jessica Moreno,36,condition
James Richardson,30,special
Gabriel Nichols,50,least
William Powers,24,and
Barbara Cox,47,special
Marcus Jackson,28,camera
Kimberly Soto,20,shake
David May,46,many
Brenda Dodson,40,fact
Carol Holland,46,step
Chase Cain,33,be
Caleb Weaver,31,event
Christopher Jordan,48,also
Kimberly Harris,58,police
Kim Johnson,45,chance
Jason Norman,33,spring
Morgan Arnold,50,condition
James Carroll,21,police
Cynthia Guzman,27,knowledge
Gina Orr MD,46,include
Kayla Johnson,32,add
Brittany Simmons,46,mother
Connie Johnson,57,door
Melissa Powell,29,but
Bryce Clark,34,project
Brenda Huff,27,evidence
Dillon Lyons,34,reveal
Joseph Boyer,57,participant
Brian Hale,53,music
Paul Berger,28,officer
Rodney Jones,33,pretty
Joseph Castillo,25,yourself
Renee Bailey,21,thousand
Andrew Johnson,22,thus
Tiffany Moore,51,shoulder
Karen Johnson,51,impact
Emily Young,47,couple
Maria Gonzalez,58,benefit
Monica Edwards,54,cold
Glen Wallace,34,reduce
Vickie Barnes,57,mean
Larry Williams,60,watch
Emma Washington,25,suggest
Kevin Edwards,21,despite
Cody Morgan,38,character
Tyler Haas,58,compare
Pamela Sweeney,48,before
Tyler Taylor DDS,26,news
Nicole Garcia,32,million
John Cisneros,59,production
Michael Frost,50,lose
Susan Henry,30,first
Nicholas Dunn,27,situation
Joel Hendricks,42,between
Olivia Morales,56,miss
Vanessa Page,43,end
Catherine Gallagher,37,affect
Gabriel Walton,38,sister
Sierra Jackson,39,choose
Corey White,38,everybody
Nicholas Middleton,60,time
Maureen Larson MD,22,sort
Carolyn Benson,31,glass
James White,25,memory
Wesley Snyder,47,stand
Christian Robertson,32,chance
Amy Gutierrez,48,big
Mary Nichols,53,need
Tricia Smith,44,central
Katie Robinson,54,herself
Christina Ortiz,25,ground
Kevin Brady,40,audience
Andrew Sparks,33,store
Jennifer Goodwin,59,believe
Joseph Mcdaniel,45,much
Andre Wilson,33,amount
Laura Alexander,50,everything
Matthew Harris,57,truth
Susan Perez MD,27,name
Natalie Phillips,32,everybody
Jonathan Mckenzie,34,sometimes
Kathy Williams,53,marriage
Jessica Carter,44,president
Mr. Alejandro Simon,56,commercial
Kyle Brewer,43,wall
Pamela Moss,44,food
Laura Edwards,54,environmental
Peter Miller,48,power
Angelica Hernandez,45,or
Nancy Hodges,59,three
Lisa Todd,57,tonight
Mary Hoover,26,example
Jacqueline Walton,33,moment
Ana Lyons,46,reduce
Matthew Pittman,25,most
Desiree Davis,24,thought
Cheryl King,38,age
Oscar Baker,49,low
Eduardo Guerra,43,fly
Jennifer Bowman,47,prepare
Stephanie Reese,35,Republican
Mary Campbell,52,manage
Russell Walsh,40,baby
Robert Harris,53,if
Mrs. Alexis Dominguez DDS,59,experience
Lynn Jones,26,peace
Angel Espinoza,21,sea
Andrew Gonzalez,37,treatment
Jacob Wiley,44,family
Chad White,44,heart
Denise Hunter,28,certainly
Carl Williams,57,local
Sandra Green,56,your
Corey Combs,39,people
Paula Green,40,imagine
Patricia Lee,56,special
Christian Parks,43,behavior
Willie Mack,41,certain
Collin Jordan,49,above
Janet Foster,22,city
Sheena Horton,59,service
Susan Martin,56,whether
Sharon Wilson,33,any
Curtis Beasley,45,opportunity
Wendy Taylor,53,room
Ashley Reid,22,here
Peter Grant,44,responsibility
Tiffany Castro,40,smile
Devin Fuller,33,follow
Heather Gonzales,38,hold
Aaron Walker,42,strategy
Stephanie Erickson,24,agency
Whitney Baker,47,month
Adrian Zuniga,43,begin
Paul Hall,37,support
Frank Harrison,29,choose
Richard Gonzales,36,huge
Sandra Chambers,37,tree
Michelle Frazier,33,lead
Jim Porter,44,century
Ronald Abbott PhD,42,dog
Kimberly Cole,58,administration
Thomas Keller,32,door
Barbara Smith,20,city
Theresa Jimenez,38,word
Thomas Collins,45,agreement
Eric Cook,27,choose
Dennis Chandler,43,difference
Daniel Martinez,46,tree
Nicholas Obrien,47,large
William Deleon,46,idea
Joseph George,59,probably
Mrs. Nicole Brown,57,night
Philip Lane,42,arrive
James Matthews,36,employee
Christina Chambers,39,finally
Casey Gibson,43,since
Pamela Whitaker,45,TV
Joseph Olson,31,type
Amanda Mullen,47,may
Bill Velasquez Jr.,20,method
Ashley Gomez,58,serious
Erin Hicks,54,center
Natasha Crawford,34,learn
Gina Wilson,48,thing
Gina Carr,49,eat
Michael Rodriguez,52,me
Shane Owen,60,development
Amber Martin,47,front
Kim Edwards,42,need
Jennifer Hall,28,manage
Lauren Campbell,31,central
Justin Smith,27,add
Heidi Johnson,55,look
Michael Perez,45,interest
Jennifer Rivera,37,to
Michelle Richards,33,job
Garrett Werner,52,message
Gloria Taylor,39,business
Adrienne Smith,58,suddenly
Joshua Forbes,35,hope
Kyle Olson,32,tax
Jose Sanchez,33,author
Richard Mathis,29,pressure
Angela Mills,24,also
Denise Skinner,51,citizen
Katherine Brown,20,message
Julie Smith,46,real
Daniel Miller,60,military
Gabrielle Shaw,54,free
Kristin Ware,29,middle
Cody Dunn,29,face
Courtney Mann,31,table
Brian Beltran,55,month
Joshua Martin,25,back
Jennifer Johnson,39,education
Shelley Acosta,53,determine
Stephanie Wilson,51,ten
William Wall,39,return
Randy Smith,20,try
Kristina Oliver,39,attention
Linda Horn,40,recognize
Megan Smith,30,what
John Gross,51,determine
Mark Young,48,author
Katherine Reynolds,46,throw
Roy Douglas,20,around
Mark Morgan,52,wonder
David Anderson,55,prove
Jamie Byrd,45,nor
Jay Wilson,56,would
James Navarro,52,education
Daniel Clark,32,physical
Thomas Lamb,37,player
Bailey Riley,22,important
Robert Christensen,57,computer
Phillip Davis,53,century
Jacob White,44,window
Paul Jenkins,48,lay
Sean Alvarez,37,election
George Stephens,48,pay
Gary Smith,45,tax
Julie Smith,50,special
Pamela Jones,46,must
Michael Green,22,their
Travis Mayer,22,when
Jose White,56,finish
Erica Clark,44,environmental
Aaron Kemp,59,special
Cathy Miller,60,authority
Shannon Hill,36,leader
Roy Olsen,47,wrong
Roberto Newton,57,available
Jennifer Lynch,47,couple
Joseph Hood,51,why
Aaron Thornton,28,education
Tina Pope,55,business
Crystal Warren,23,lose
Wendy Armstrong,58,mother
Connie Perry,55,likely
Robert Davis,54,receive
Diane Allen,45,position
Cynthia Wright,49,hold
Stephen Higgins,20,everything
Teresa Glass,41,fast
Lauren Bates,59,value
Julie Burke,37,nature
Keith Macias,27,station
Jennifer Cortez,49,organization
Sydney Thompson,49,natural
Tracy Jones,44,myself
Lauren Richard,60,keep
Dr. Brandon Davis,40,nothing
Emily Moore,45,I
Nathaniel Gutierrez,26,international
John Mendoza,58,task
Misty Murphy,27,thing
Jeremy Thomas,34,middle
Eric Jones,26,whole
Laura Lawson,38,positive
Michael Hall,35,dream
Aaron Nolan,31,none
Jessica Lawrence,50,pretty
Christopher Stevens,37,approach
William Lutz,27,whether
Cynthia Myers,26,even
Susan Ellison,36,real
Ashley Lawrence,38,despite
Thomas Gilbert,44,for
Terri Miller,35,several
John Johnson,24,final
Omar Torres,25,finally
Dalton Brown,32,million
Jordan Trujillo,38,capital
Cheryl Pratt,41,car
Dr. Heather Sullivan,50,need
David Guzman,23,trade
Jessica Hughes,57,decide
Isaac Rowe,60,direction
Samantha Kirk,49,if
Mark Swanson,50,suddenly
Christian Nguyen,49,evening
Vicki Rosario,48,dream
Dustin Lam,35,network
Tanner Harris,42,tough
Lisa Carey,55,good
Susan Maxwell,42,fill
Travis Taylor,58,from
Ronald Jackson,42,themselves
Kathy Padilla MD,46,organization
Andrew Rogers,30,present
Lisa Clark,28,firm
Johnny Williams,31,return
Chad Fernandez,44,change
Michelle Stewart,48,thing
Nancy Johnson,58,language
Vicki Perez,37,although
Victor Higgins,30,politics
Micheal Klein,41,much
Alexis Vaughan,20,set
Jennifer Henderson,42,however
Mary Smith,43,article
Tyler Lambert,28,of
Benjamin Meyer,26,want
Steven Clark,53,speak
Thomas Jordan,43,meeting
Joshua Brady,37,that
Rebecca Green,26,present
Brooke Blake DDS,52,nation
Mary Hatfield,56,away
Dennis Neal,55,truth
Carlos Young,46,science
Andrew Griffith,35,threat
Alan Williams,49,want
William Hawkins,21,military
Richard Caldwell,58,hand
Tracy Jones,24,pretty
Dr. Emily Powell,55,law
Nathan Jones,34,impact
Jose Kirk,34,anything
Alexander Rodriguez,44,police
Alexis Barber,49,space
Sarah Fritz,59,bar
Mark Wilson,36,either
Becky Smith,58,evening
Kevin Romero,35,throw
Bryan Ponce,48,while
Corey Brown,28,similar
Kayla Martin,23,food
Kathryn Bennett,47,contain
Jason Burke,39,chair
Francisco Brown,44,run
Clayton Jordan,39,finish
Katherine Wood,42,tough
Mark Brooks,28,probably
Dr. Melissa Burnett DDS,52,will
Christopher Lopez,36,employee
Aaron Massey,35,special
Melissa Lee,31,travel
Jose Sherman,20,pick
Sandra Smith,47,successful
Andrea Lewis,24,direction
Savannah Padilla,38,care
Kelly Barber,58,pick
Janice Hubbard,39,likely
James Mcintyre,46,occur
Ariel Rodriguez,50,character
Jaime Jordan,50,case
Keith Page,49,couple
Karen Carter,39,area
David Marshall,52,training
Luis Rivera,37,teach
Tim Baker,43,note
Rodney Gillespie,23,her
